family,predicted,confidence
280,280,0.996671
300,157,0.99962664
192,192,0.9992822
107,107,0.89550966
214,0,0.74330765
302,17,0.9454231
56,56,0.9988142
56,56,0.9964043
57,57,0.99882513
184,184,0.9977297
267,267,0.99837154
229,268,0.9964414
249,249,0.9997538
259,259,0.9990884
296,301,0.4509154
249,249,0.9997538
92,92,0.99940825
81,81,0.9977258
17,17,0.87904215
17,17,0.87904215
130,130,0.86785775
253,253,0.9994634
264,264,0.9996233
129,129,0.99183136
143,143,0.9998882
92,92,0.99940825
56,56,0.9988142
177,177,0.99675506
10,10,0.9995561
296,247,0.9411694
259,259,0.9990884
50,301,0.99772507
84,112,0.9984263
56,56,0.9988142
1,1,0.9957235
56,56,0.9988142
56,56,0.9988142
6,6,0.99952066
227,227,0.72247475
6,6,0.9993967
92,92,0.99940825
0,0,0.997267
22,22,0.9963515
56,56,0.9988142
56,56,0.9988142
56,56,0.9964043
17,17,0.8790419
3,3,0.99977404
97,247,0.99016374
148,148,0.9996977
164,164,0.5993249
227,173,0.42119703
166,15,0.6178369
204,26,0.91772264
259,259,0.9990884
56,56,0.9988142
259,259,0.9990884
76,76,0.8743179
57,57,0.99882513
227,227,0.72247475
56,56,0.9988142
249,249,0.9997538
104,104,0.37833816
248,248,0.84692866
249,249,0.9997538
161,221,0.43238723
92,92,0.99940825
151,163,0.69742167
143,143,0.9998882
259,259,0.9990884
58,259,0.99668044
259,259,0.9990884
181,181,0.9669153
129,129,0.97599334
184,184,0.9977297
138,56,0.9990839
57,57,0.9987802
249,249,0.9997538
13,38,0.99534804
56,56,0.9988142
227,227,0.72247636
251,251,0.99971455
156,156,0.99806017
56,56,0.9988142
267,267,0.90034056
161,161,0.9994604
124,15,0.36336374
129,168,0.99930453
29,29,0.9984332
17,17,0.87904215
249,249,0.9997538
22,22,0.99589396
57,57,0.9991381
67,214,0.55311084
56,56,0.9988142
164,164,0.5993232
56,56,0.99887043
249,249,0.9997538
17,17,0.87904215
173,173,0.9987735
254,39,0.9673014
136,295,0.8301495
159,189,0.99516606
130,299,0.9790704
207,207,0.99935716
249,249,0.9997538
144,144,0.98092824
204,26,0.91772264
214,214,0.9530433
56,56,0.9988142
286,286,0.9977428
70,70,0.9997507
195,11,0.9995815
56,56,0.9964043
68,68,0.6469183
156,156,0.9980051
296,247,0.9411695
123,51,0.9636351
126,56,0.99658763
259,259,0.9990884
254,39,0.9673015
92,92,0.99940825
249,249,0.9997538
249,249,0.9997538
249,249,0.9997538
76,76,0.87431854
203,203,0.9967373
87,280,0.49833402
175,175,0.9999056
76,76,0.8743179
84,112,0.6074232
92,92,0.99940825
248,248,0.9978853
73,73,0.99935347
184,184,0.9970795
21,21,0.9997342
1,1,0.9866996
17,17,0.8790419
289,37,0.2339139
249,249,0.9997538
92,92,0.99940825
56,56,0.9964043
107,107,0.5166594
280,44,0.9237229
129,301,0.9990275
56,56,0.9988142
130,299,0.99640805
259,259,0.9990884
129,52,0.7827317
249,249,0.9997538
254,39,0.9673014
207,207,0.9995826
81,81,0.99872524
239,139,0.77008986
227,227,0.72247636
276,224,0.9466226
40,40,0.99581075
168,168,0.9995092
17,17,0.87904215
82,82,0.998982
48,48,0.974772
259,259,0.9990884
249,249,0.9997334
56,56,0.9964043
77,77,0.9211868
227,227,0.72247636
249,249,0.9997538
176,24,0.6746679
92,92,0.9995301
3,3,0.99977404
0,0,0.9964819
11,11,0.99976283
209,225,0.9995784
1,1,0.9957879
56,56,0.9988142
50,301,0.928731
92,92,0.99940825
280,280,0.9982482
296,247,0.94116926
259,259,0.9990884
11,11,0.99976283
17,17,0.8790419
259,259,0.9990884
11,11,0.99976283
259,259,0.9991504
56,56,0.9964043
56,56,0.9988142
247,247,0.999223
190,190,0.9999124
249,249,0.9997538
81,81,0.99517643
56,56,0.9964043
143,143,0.9998882
92,92,0.99940825
92,92,0.9993783
249,249,0.9997538
151,286,0.6096803
214,0,0.74330676
118,118,0.9995813
8,114,0.9850878
55,55,0.9998099
249,249,0.9997538
129,129,0.9947077
56,56,0.9964043
56,56,0.9964043
280,280,0.9954586
57,57,0.9991381
56,56,0.9964043
280,280,0.94057935
249,249,0.9997359
56,56,0.9988142
249,249,0.9997359
129,153,0.9977639
164,164,0.66504294
49,49,0.99974614
299,299,0.996494
259,259,0.999159
227,227,0.72247475
156,156,0.99806017
65,65,0.9996823
129,129,0.99930835
299,299,0.9241657
55,55,0.9997749
6,6,0.99952066
129,301,0.97664446
296,235,0.956683
17,17,0.8790419
176,204,0.21386486
249,249,0.9997538
130,130,0.86785686
166,240,0.72230977
176,19,0.6270888
129,129,0.9947077
110,301,0.84268636
8,114,0.9907815
57,57,0.9991381
56,56,0.9988142
123,123,0.5032865
1,1,0.9957235
177,177,0.9241296
110,200,0.90251493
70,70,0.9995988
22,22,0.9949458
249,249,0.9997538
56,56,0.9988142
11,11,0.99976283
254,39,0.9673014
249,249,0.9997538
48,48,0.97381884
233,233,0.9989115
129,280,0.5036255
264,247,0.74092287
56,56,0.9988142
143,143,0.9998882
151,151,0.9978036
143,143,0.9998882
107,151,0.9873432
254,39,0.98486936
73,73,0.9995627
56,56,0.9988142
129,301,0.9990421
187,249,0.9995826
280,280,0.99878603
130,299,0.99422485
281,44,0.5708714
275,249,0.9632564
76,76,0.9759193
195,11,0.9995815
92,92,0.9995084
294,267,0.93278277
129,129,0.7898119
57,57,0.99882513
151,200,0.5210825
56,56,0.9964043
129,129,0.99763083
55,55,0.99786466
213,213,0.8088595
184,184,0.996949
70,70,0.99953854
160,160,0.94126517
81,81,0.99911207
123,123,0.5032879
259,259,0.9991708
249,249,0.9997538
92,92,0.99940825
156,156,0.9972572
249,249,0.9997538
57,57,0.9991381
17,17,0.87904215
274,274,0.9150857
107,151,0.9873432
67,150,0.96165437
129,168,0.85475063
148,148,0.9996977
144,144,0.99967146
22,22,0.9963515
56,56,0.9988142
163,163,0.9974502
57,57,0.99882513
271,269,0.9919878
92,92,0.99940825
129,52,0.38503352
266,150,0.94811624
156,156,0.9972572
76,76,0.8743177
227,227,0.9644596
56,56,0.9988142
266,58,0.8996609
92,92,0.99940825
161,161,0.9994373
173,173,0.99906033
92,92,0.99940825
281,281,0.98473585
151,151,0.99846065
99,99,0.9996698
67,232,0.9771135
130,130,0.86785775
263,263,0.9995542
1,1,0.8968017
17,17,0.87904215
56,56,0.9988142
56,56,0.9988142
56,56,0.9988142
259,259,0.9750289
22,22,0.9955728
130,299,0.9790704
262,285,0.9811271
57,57,0.99882513
184,184,0.9967878
173,173,0.9990606
268,277,0.97838324
56,56,0.9988142
130,130,0.86785775
249,249,0.9997538
148,148,0.9996977
296,247,0.9411694
84,84,0.9986957
57,57,0.9991381
81,81,0.9987987
56,56,0.9988142
295,295,0.92023605
249,249,0.9997538
22,22,0.9963515
129,301,0.9990275
276,164,0.9980659
0,0,0.99046993
56,56,0.9988142
57,57,0.9991381
264,247,0.74092287
249,249,0.9997538
114,114,0.9996556
88,47,0.42238763
56,56,0.9988142
35,133,0.9941385
76,76,0.8743179
56,56,0.9964043
286,18,0.7229568
129,129,0.9985733
156,156,0.99806064
154,154,0.9997538
129,168,0.85475045
25,251,0.9941455
151,151,0.69119614
259,259,0.9990884
190,190,0.9999124
56,56,0.9988142
56,56,0.9988142
156,156,0.99779993
97,43,0.99993765
295,282,0.99098843
177,177,0.99675506
254,39,0.9673015
17,17,0.8790419
57,57,0.9987802
221,221,0.9985532
57,57,0.99882513
73,73,0.9995665
56,56,0.9964043
9,9,0.9991634
57,57,0.99882513
17,17,0.8790419
56,56,0.9964043
156,156,0.9972572
92,92,0.9994967
267,267,0.99837154
259,259,0.9990884
74,74,0.99972874
204,282,0.99797064
249,249,0.9997538
249,249,0.9997538
233,251,0.954034
31,31,0.9998111
130,299,0.9790704
249,249,0.9997538
39,39,0.99915826
130,299,0.99640805
249,249,0.9997538
56,56,0.9988142
130,130,0.99614125
136,136,0.6713577
280,280,0.9976539
56,56,0.9964043
213,213,0.9549018
259,259,0.9990884
22,22,0.9963515
129,129,0.9947077
233,233,0.9989115
233,233,0.8337283
68,68,0.6772294
296,301,0.80194587
203,203,0.9967373
297,297,0.99989223
264,264,0.9996118
73,73,0.99935347
296,247,0.9411695
56,56,0.9988142
92,92,0.99945694
296,247,0.9411694
57,57,0.99882513
70,70,0.9995683
259,259,0.9990884
151,37,0.9969313
92,92,0.99950325
174,174,0.99977213
17,17,0.87904215
55,55,0.9997749
129,129,0.6766905
246,268,0.9802514
274,51,0.98292404
296,235,0.9560322
225,225,0.99974066
83,188,0.9992249
56,56,0.9964043
56,56,0.9988142
143,143,0.9998882
56,56,0.9988142
175,175,0.99990106
17,17,0.8790419
17,17,0.8790419
129,129,0.44849163
254,254,0.6484119
259,259,0.9990884
92,92,0.99952865
13,104,0.56264323
151,151,0.99847764
56,56,0.9964043
57,57,0.9987802
295,295,0.96202797
56,56,0.9988142
1,1,0.99582714
17,17,0.87904215
215,215,0.99860555
56,56,0.9964043
1,1,0.99148107
110,110,0.9696303
56,56,0.9988142
92,92,0.99940825
1,1,0.99148107
259,259,0.9990884
76,76,0.8743177
129,301,0.976184
143,143,0.9998882
227,290,0.96973825
1,1,0.99148107
56,56,0.9988142
130,299,0.99640805
249,249,0.9997538
56,56,0.9964043
233,288,0.9922289
249,249,0.9997538
249,249,0.9997538
56,56,0.9988142
259,259,0.9990884
85,20,0.6328512
269,258,0.99402195
3,3,0.99977404
60,60,0.9993305
67,150,0.46520123
280,280,0.99878603
186,186,0.9993987
57,57,0.99882513
200,200,0.9932734
249,249,0.9997538
154,154,0.9998584
249,249,0.9997538
144,144,0.99964654
56,56,0.9964043
144,144,0.9994549
249,249,0.9997538
254,39,0.9673014
92,92,0.99949324
107,129,0.98979586
225,225,0.9997011
280,191,0.27603123
56,56,0.9964043
92,92,0.9995358
221,221,0.9985532
296,235,0.956683
56,56,0.9988142
78,83,0.99140465
16,22,0.9530304
56,56,0.9964043
4,53,0.45286614
107,107,0.9972704
151,257,0.44787768
129,301,0.97664446
92,92,0.9994967
151,151,0.99302036
296,247,0.94116926
161,161,0.9770964
290,290,0.9977901
161,141,0.7083265
60,60,0.9993305
172,172,0.9987274
129,44,0.944136
249,249,0.9997538
57,57,0.9987802
88,47,0.42238763
148,148,0.9996977
92,92,0.99940825
150,109,0.9270887
199,199,0.99981767
259,259,0.9990884
129,129,0.9726839
177,177,0.9996221
76,76,0.8743177
112,112,0.9993463
267,267,0.99822193
67,232,0.9771135
296,247,0.9411694
234,98,0.9987877
48,48,0.98981315
181,181,0.99896085
259,259,0.9990884
129,301,0.9766445
22,22,0.9949458
56,56,0.9988142
56,56,0.9988142
129,129,0.9955864
249,249,0.9997538
92,92,0.99940825
249,249,0.9997538
177,44,0.9887806
92,92,0.99940825
299,130,0.93164927
129,129,0.99422425
67,150,0.763146
238,87,0.9993832
81,81,0.9985877
143,143,0.9998882
56,56,0.9988142
264,264,0.99826545
17,17,0.87904215
56,56,0.9964043
92,92,0.99940825
249,249,0.9997538
129,168,0.99930453
129,129,0.53348047
56,56,0.9988142
156,156,0.9980934
80,80,0.9971595
67,232,0.997626
107,151,0.9873432
17,17,0.8790419
4,9,0.37489232
56,56,0.9964043
129,44,0.9925027
284,286,0.99914384
156,156,0.997761
249,249,0.9997538
56,56,0.9988142
232,232,0.9547844
227,227,0.72247475
56,56,0.9964043
148,148,0.999689
56,56,0.9988142
56,56,0.9964043
56,56,0.9964043
4,292,0.97674406
266,215,0.91785157
56,56,0.9988142
70,70,0.9997284
144,144,0.9994549
259,259,0.9991504
165,290,0.70733386
92,92,0.99951327
209,225,0.99729997
214,0,0.74330676
56,56,0.9988142
61,61,0.9991881
242,242,0.99916744
129,129,0.99498284
249,249,0.9997538
107,107,0.77094597
24,22,0.9671611
76,76,0.8743177
151,200,0.95889205
301,129,0.8565348
296,253,0.4534677
0,0,0.9951971
56,56,0.9988142
147,191,0.8462757
296,235,0.9566829
238,87,0.9993832
56,56,0.9988142
56,56,0.9988142
156,156,0.9980934
249,249,0.9997538
154,154,0.9997538
39,39,0.99907327
76,76,0.17055866
3,3,0.99977404
259,259,0.9991708
48,48,0.974772
92,92,0.99940825
92,92,0.9994967
56,56,0.9988142
56,56,0.9988142
254,39,0.9673014
22,22,0.99719656
92,92,0.99940825
281,281,0.954233
249,249,0.9997538
96,61,0.99762815
56,56,0.9988142
151,163,0.69742167
73,73,0.9995627
56,56,0.9964043
107,151,0.9873432
3,3,0.99977404
81,81,0.9985877
253,253,0.9995534
56,56,0.9964043
232,232,0.434352
249,249,0.9997538
57,57,0.99882513
184,184,0.9964843
129,129,0.995006
156,156,0.99793017
56,56,0.9988142
82,82,0.99881124
56,56,0.9988142
56,56,0.9964043
56,56,0.9988142
56,56,0.9964043
204,204,0.77683747
97,43,0.99997103
264,264,0.9997179
80,80,0.9971595
122,122,0.9952962
151,204,0.28234187
107,151,0.92034924
286,18,0.7229568
57,57,0.9991381
259,259,0.9990884
56,56,0.9964043
267,267,0.99428576
31,31,0.9998111
92,92,0.99940825
227,227,0.72247636
12,123,0.51064414
280,280,0.99878603
76,76,0.8743177
214,0,0.74330676
92,92,0.99940825
161,141,0.6114312
56,56,0.9988142
92,92,0.99940825
56,56,0.9988142
0,0,0.9930375
57,57,0.99898154
151,149,0.98536474
129,129,0.6393479
56,56,0.9988142
56,56,0.9988142
264,264,0.99826545
156,156,0.9977658
254,39,0.98486936
130,130,0.9970055
212,289,0.98943233
92,92,0.99940825
56,56,0.9988142
163,163,0.9952808
249,249,0.9997538
177,44,0.9887806
70,70,0.9995683
56,56,0.9988142
92,92,0.99940825
56,56,0.9988142
56,56,0.9988142
56,56,0.9964043
140,140,0.9994398
92,92,0.99940825
260,233,0.25601655
143,143,0.9998882
57,57,0.99882513
254,39,0.9673014
17,17,0.87904215
156,156,0.9980934
168,168,0.9995258
129,129,0.997689
247,247,0.99694437
56,56,0.9964043
56,56,0.9988142
143,143,0.9998882
56,56,0.9988142
130,299,0.99640805
129,129,0.9726839
151,69,0.9937743
280,280,0.99878603
154,154,0.9998584
156,1,0.93295425
92,92,0.99940825
67,292,0.9065692
110,301,0.99511284
254,39,0.9673014
129,301,0.9766445
161,161,0.99896526
159,233,0.9679109
296,247,0.9411694
227,227,0.72247636
280,280,0.99878603
81,81,0.9985877
56,56,0.9964043
143,143,0.9998882
204,15,0.4478304
156,156,0.9970073
280,280,0.9968407
17,17,0.87904215
17,17,0.87904215
177,177,0.9995209
17,17,0.87904215
148,148,0.999689
182,135,0.7006237
154,154,0.9997538
253,253,0.9995534
56,56,0.9964043
56,56,0.9988142
161,161,0.99954504
25,25,0.9995235
249,249,0.9997538
143,143,0.9998882
115,115,0.99948174
254,39,0.98486936
56,56,0.9964043
17,17,0.87904215
137,190,0.9999045
259,259,0.9990884
129,129,0.97699296
156,156,0.99805295
67,232,0.9771135
92,92,0.99940825
92,92,0.99940825
57,57,0.99882513
22,22,0.99719656
73,73,0.9995627
129,168,0.8547493
56,56,0.9964043
161,141,0.6114306
129,129,0.99683315
56,56,0.9964043
56,56,0.9964043
56,56,0.9989503
299,299,0.996494
154,154,0.9998654
56,56,0.9988142
17,17,0.87904274
161,161,0.99834883
254,254,0.5879469
295,282,0.99098843
56,56,0.9988142
56,56,0.9964043
129,168,0.99930453
281,129,0.6320909
57,57,0.99882513
271,271,0.9995932
249,249,0.9997538
129,129,0.7898119
151,153,0.9330019
156,156,0.9980934
143,143,0.9998882
225,225,0.99968374
230,3,0.9997609
22,22,0.9955728
56,56,0.9988142
129,129,0.9984276
165,165,0.9966762
110,301,0.8426872
56,56,0.9988142
247,247,0.9995072
195,11,0.9996468
92,92,0.99940825
153,129,0.979391
97,97,0.9511639
253,253,0.9995838
56,56,0.9988142
92,92,0.99940825
67,232,0.9771986
259,259,0.9990884
168,168,0.999345
56,56,0.9988142
57,57,0.99882513
56,56,0.9964043
249,249,0.9997538
151,151,0.9986345
91,91,0.9989774
76,76,0.8743179
190,190,0.99990356
234,98,0.9962831
3,3,0.99977404
254,39,0.98486936
143,143,0.9998882
270,270,0.9995653
179,83,0.99924797
129,83,0.39065644
249,249,0.9997538
254,39,0.98486936
249,249,0.9997538
56,56,0.9964043
249,249,0.9997538
143,143,0.9998882
57,57,0.9991381
296,253,0.41994604
254,39,0.9673014
130,299,0.9790704
249,249,0.9997538
17,17,0.87904215
84,84,0.99849606
276,164,0.9980659
25,168,0.74981236
254,39,0.98486936
70,70,0.9997632
280,280,0.996671
56,56,0.9988142
143,143,0.9998882
264,247,0.74092287
181,181,0.9988518
249,249,0.9997538
180,180,0.99953616
156,156,0.9982475
57,57,0.9987802
56,56,0.9988142
56,56,0.9988142
63,151,0.93584454
249,249,0.9997538
276,224,0.9466226
130,299,0.9790704
296,247,0.9411694
299,130,0.99216497
57,57,0.9987802
161,161,0.91378886
143,143,0.9998882
22,22,0.9955728
92,92,0.99940825
86,239,0.9707498
156,156,0.99793017
56,56,0.9988142
249,249,0.9997538
46,159,0.9371801
101,101,0.9982021
242,242,0.9982778
249,249,0.9997538
3,3,0.99977404
35,133,0.9941385
56,56,0.9988142
154,154,0.9997538
227,173,0.42119867
107,107,0.5166585
143,143,0.99989307
56,56,0.9988142
57,57,0.99882513
13,38,0.76179737
56,56,0.9964043
296,253,0.4534677
259,259,0.9990884
184,184,0.99672276
56,56,0.9988142
48,48,0.974772
259,259,0.9990884
17,17,0.87904215
17,17,0.87904215
107,129,0.98979586
254,39,0.9673014
56,56,0.9988142
253,253,0.99901223
56,56,0.9988142
47,47,0.9950047
234,98,0.9968189
178,157,0.9995054
92,92,0.99940825
100,100,0.99930835
81,81,0.99872524
92,92,0.99940825
204,204,0.7768381
129,187,0.766641
0,0,0.9956665
259,259,0.9990884
295,282,0.99098843
249,249,0.9997538
56,56,0.9964043
56,56,0.9964043
129,168,0.99930453
56,56,0.9988142
4,53,0.60164964
296,301,0.45091456
214,0,0.74330676
181,181,0.8261402
259,259,0.9991504
70,70,0.9997484
299,130,0.68376887
56,56,0.9964043
56,56,0.9964043
130,299,0.9790704
130,299,0.9790704
227,227,0.72247636
130,299,0.9790704
262,262,0.9997172
249,249,0.9997538
56,56,0.9988142
129,167,0.99973696
69,77,0.9992091
130,130,0.9960341
56,56,0.9964043
203,203,0.9967373
0,0,0.99649006
70,70,0.9996598
76,76,0.8743177
56,56,0.9964043
56,56,0.9988142
279,301,0.6631181
55,55,0.9997869
249,249,0.9997538
129,129,0.97599334
92,92,0.99940825
259,259,0.9990884
26,26,0.998539
156,1,0.9775883
296,247,0.9411694
223,223,0.9145121
130,130,0.86785775
143,143,0.9998882
249,249,0.9997538
5,5,0.9988104
136,163,0.56971884
129,301,0.9990421
1,1,0.99668354
49,49,0.99974614
56,56,0.9988142
17,17,0.87904215
76,76,0.8743177
56,56,0.9988142
56,56,0.9988142
59,59,0.9914253
56,56,0.9964043
251,251,0.9997073
254,39,0.9673014
17,17,0.87904215
107,107,0.5166585
129,129,0.9946489
211,211,0.9978235
22,22,0.99586594
139,139,0.9994159
227,227,0.72247636
56,56,0.9988142
151,151,0.83448434
228,31,0.6292269
254,39,0.98486936
151,191,0.5285753
56,56,0.9988142
259,259,0.999159
4,53,0.4528639
67,214,0.91043144
260,167,0.9910068
143,143,0.9998882
260,282,0.9913195
73,73,0.9995627
221,221,0.99840397
67,232,0.7751351
280,280,0.9976539
259,259,0.9990884
249,249,0.9997538
130,130,0.86785686
17,17,0.8790419
67,155,0.99002016
56,56,0.9988142
276,224,0.94662285
1,1,0.99148095
253,253,0.9994073
129,301,0.9990275
154,154,0.9998654
156,156,0.99742585
205,205,0.99356186
129,168,0.85475063
249,249,0.9997538
129,129,0.99422425
70,70,0.9997507
300,157,0.99962664
242,242,0.99960834
151,149,0.98536474
179,83,0.98890734
92,92,0.99940825
254,39,0.9673014
225,225,0.99960154
259,259,0.9990884
56,56,0.9988142
249,249,0.9997538
184,184,0.9970099
17,17,0.87904215
92,92,0.99940825
130,299,0.99640805
271,269,0.93570685
147,202,0.99976593
56,56,0.9988142
259,259,0.9991504
0,0,0.99046993
185,185,0.9995435
236,236,0.9447109
161,161,0.9995117
56,56,0.9988142
3,3,0.99977404
249,249,0.9997538
92,92,0.99944955
92,92,0.99942774
233,233,0.9989115
176,204,0.21386608
105,81,0.99908197
70,70,0.99518377
296,253,0.4534677
17,17,0.87904215
280,280,0.9405803
107,151,0.9873432
161,161,0.99954504
144,144,0.99929297
56,56,0.9988142
57,57,0.9987802
129,301,0.76793325
278,278,0.99987507
56,56,0.9964043
122,122,0.9956124
77,136,0.99600756
237,237,0.9171502
145,145,0.99930525
37,204,0.26437017
151,151,0.9951237
242,242,0.9752416
73,73,0.9995627
254,39,0.9673014
259,259,0.9990884
206,206,0.90388525
92,92,0.84042466
256,256,0.99958557
17,17,0.87904215
274,274,0.9150857
11,11,0.99976283
17,17,0.87904215
129,129,0.9865146
56,56,0.9988142
22,22,0.9955728
155,295,0.27365637
181,181,0.9983505
37,204,0.26437017
291,291,0.9985668
17,17,0.87904215
56,56,0.9988142
81,81,0.9985877
56,56,0.9964043
243,243,0.99984455
56,56,0.9988142
52,193,0.48901597
7,7,0.9987924
17,17,0.87904215
296,253,0.4534677
156,156,0.99829155
129,129,0.99881697
296,235,0.9560321
161,161,0.96467185
105,81,0.99908197
276,224,0.9466227
92,92,0.99940825
76,76,0.87431854
70,103,0.9642099
95,152,0.7091808
92,92,0.99940825
254,39,0.9673015
56,56,0.9964043
204,204,0.77683675
216,214,0.7799334
254,39,0.9673015
177,177,0.9996138
125,100,0.9943732
31,31,0.9998111
92,92,0.99940825
92,92,0.99940825
249,249,0.9997538
129,129,0.9944279
230,3,0.9997609
129,168,0.9316842
299,156,0.7773386
91,91,0.99972945
280,44,0.9237229
31,31,0.9998111
81,81,0.9985877
56,56,0.9988142
164,247,0.9994289
56,56,0.9964043
249,249,0.9997538
137,190,0.99991095
296,247,0.9411694
56,56,0.9988142
259,259,0.9990884
181,275,0.9989489
76,76,0.99973124
227,283,0.91104937
156,156,0.9980934
156,156,0.9978459
210,133,0.9998184
266,215,0.91785157
227,227,0.72247636
56,56,0.9988142
56,56,0.9988142
57,57,0.9989079
92,92,0.9993783
56,56,0.9964043
76,76,0.9997265
259,259,0.9990884
259,259,0.9990884
57,57,0.9989079
249,249,0.9997359
92,92,0.99754745
0,0,0.9749282
11,11,0.99976283
192,192,0.99931276
56,56,0.9988142
249,249,0.9997538
195,11,0.9995815
107,107,0.5166594
165,290,0.7073334
249,249,0.9997538
129,129,0.8824787
140,140,0.999413
129,129,0.9987489
232,232,0.9547844
76,76,0.87431854
249,249,0.9997538
249,249,0.9997538
64,19,0.99061406
129,281,0.9664293
22,22,0.99719656
11,11,0.99976283
161,161,0.7446533
129,301,0.7679347
56,56,0.9964043
92,92,0.99940825
59,59,0.9914253
259,259,0.9990884
56,56,0.9988142
254,39,0.98486936
235,163,0.97418946
56,56,0.9988142
107,151,0.9873432
56,56,0.9964043
130,299,0.9790704
56,56,0.9988142
15,172,0.83005106
262,262,0.9996252
249,249,0.9997538
22,22,0.99586594
129,86,0.675053
293,84,0.9976999
17,17,0.87904274
129,301,0.97664475
249,249,0.9997538
98,143,0.99584806
92,92,0.99940825
107,129,0.9921645
259,259,0.999159
57,57,0.9987802
264,247,0.7409196
56,56,0.9964043
151,151,0.9986345
107,204,0.6843014
181,181,0.83823913
244,126,0.96348584
296,253,0.45346674
129,129,0.9903646
280,239,0.5883957
56,56,0.9988142
259,259,0.9990884
57,57,0.99882513
56,56,0.9988142
151,232,0.58126926
56,56,0.9988142
173,173,0.9987735
56,56,0.9988142
56,56,0.9964043
56,56,0.9964043
214,0,0.74330676
260,155,0.6413622
3,3,0.99977404
1,1,0.99722385
249,249,0.9997538
69,77,0.99942446
56,56,0.9988142
57,57,0.99882513
56,56,0.9988142
129,83,0.390656
233,129,0.33247295
3,3,0.99977404
259,259,0.9990884
156,1,0.97967666
56,56,0.9988142
13,267,0.9929488
17,17,0.87904215
92,92,0.99940825
81,81,0.99517643
92,92,0.99940825
253,253,0.999423
214,0,0.74330676
110,301,0.95041704
222,12,0.9992324
17,17,0.87904215
56,56,0.9988142
276,224,0.636538
73,73,0.99935347
66,72,0.99688536
280,239,0.5883957
103,79,0.67201453
242,242,0.99960834
56,56,0.9988142
81,81,0.9985877
56,56,0.9964043
183,270,0.87544465
129,301,0.9990421
259,259,0.9990884
249,249,0.9997538
56,56,0.9988142
56,56,0.9964043
285,7,0.8217706
249,249,0.9997538
129,301,0.9990275
11,11,0.99976283
259,259,0.9990884
249,249,0.9997538
56,56,0.9988142
249,249,0.9997538
92,92,0.99940825
105,81,0.99908197
162,162,0.99812216
190,190,0.99988914
92,92,0.99940825
46,46,0.9896298
4,53,0.45286614
213,213,0.80886054
249,249,0.9997538
25,25,0.99951327
56,56,0.9988142
243,243,0.99986076
11,11,0.99976283
81,81,0.9991461
280,239,0.58839613
283,301,0.52146035
259,259,0.9990884
154,154,0.99985945
36,121,0.9255239
130,130,0.48732948
22,22,0.9940242
143,143,0.9998882
76,76,0.8743179
148,148,0.9996977
71,71,0.9986816
92,92,0.99940825
259,259,0.9990884
233,233,0.86341834
249,249,0.9997538
22,22,0.9955728
264,247,0.74092156
129,129,0.9986487
296,247,0.94116926
296,247,0.94116926
143,143,0.9998765
249,249,0.9997538
56,56,0.9988142
254,39,0.9673014
259,259,0.9990884
129,187,0.766641
129,129,0.9959521
129,129,0.8824792
249,249,0.9997538
197,197,0.9996039
107,107,0.9809795
56,56,0.9988142
81,81,0.9977258
56,56,0.9988142
129,129,0.9947077
249,249,0.9997538
151,142,0.67408556
259,259,0.9990884
17,17,0.87904274
33,33,0.5272658
227,227,0.7224789
276,164,0.9980659
129,129,0.97599345
259,259,0.99909925
129,301,0.9990421
129,129,0.9865143
130,156,0.9970073
214,0,0.7433051
227,227,0.9435736
129,129,0.9726839
107,107,0.9972704
56,56,0.9988142
151,257,0.44787365
56,56,0.9988142
161,161,0.89783424
56,56,0.9988142
56,56,0.9988142
129,129,0.9967986
56,56,0.9988142
209,209,0.7480473
249,249,0.9997538
259,259,0.9990884
301,301,0.99848086
22,22,0.99684566
3,3,0.99977404
227,227,0.94572157
56,56,0.9988142
1,1,0.99449414
130,130,0.86785775
56,56,0.9988142
270,270,0.99959975
299,130,0.67613333
259,259,0.9990884
184,184,0.9964843
56,56,0.9964043
56,56,0.9964043
129,129,0.7898119
56,56,0.9964043
56,56,0.9988142
259,259,0.9990884
259,259,0.9990884
129,129,0.99810624
259,259,0.9990884
101,101,0.9984968
296,247,0.9411694
259,259,0.9990884
56,56,0.9988142
48,48,0.974772
81,81,0.9977258
17,17,0.87904215
113,113,0.97672355
249,249,0.9997538
56,56,0.9964043
151,5,0.90246254
17,17,0.87904215
278,278,0.999777
159,233,0.9679109
111,163,0.89761335
56,56,0.9988142
227,227,0.72247636
249,249,0.9997538
129,129,0.9865146
249,249,0.9997538
107,159,0.83842784
280,44,0.92372346
46,46,0.994191
156,156,0.9978459
249,249,0.9997538
130,299,0.9790704
22,22,0.9949458
92,92,0.99940825
56,56,0.9988142
17,17,0.87904215
67,232,0.9771135
2,209,0.6461636
56,56,0.9988142
148,148,0.9996977
56,56,0.9988142
17,17,0.87904215
56,56,0.9964043
70,79,0.99714464
110,301,0.876518
56,56,0.9964043
56,56,0.9988142
249,249,0.9997538
200,51,0.86110467
81,81,0.99883026
88,88,0.9995988
161,161,0.9993395
3,3,0.99977404
129,301,0.7771032
17,17,0.87904215
92,92,0.99940825
301,129,0.8565348
56,56,0.9988142
259,259,0.999159
151,257,0.44787738
93,132,0.8575786
268,277,0.97838324
63,151,0.9624203
254,39,0.9673014
28,28,0.97178125
56,56,0.9988142
201,27,0.9969531
259,259,0.9991442
259,259,0.9990884
53,53,0.9994956
144,144,0.99964654
56,56,0.9988142
67,232,0.9771135
56,56,0.9988142
56,56,0.9988142
56,56,0.9988142
56,56,0.9988142
56,56,0.9988142
266,215,0.91785157
266,215,0.91785157
280,280,0.99733377
151,14,0.9993612
129,168,0.85475063
92,92,0.9993988
56,56,0.9988142
56,56,0.9988142
67,232,0.93060124
294,267,0.93278277
214,0,0.74330676
189,189,0.9967644
83,179,0.9754286
44,128,0.3799316
57,57,0.9991381
249,249,0.9997538
56,56,0.9964043
296,235,0.9566829
56,56,0.9988142
107,107,0.552151
227,227,0.72247636
255,281,0.7121492
56,56,0.9988142
129,301,0.9990421
169,118,0.98709726
259,259,0.9990884
163,163,0.9974502
142,142,0.9473537
144,144,0.9995078
17,17,0.87904215
56,56,0.9964043
212,75,0.70840216
268,15,0.74395233
143,143,0.9998882
206,206,0.99481815
259,259,0.9990884
156,156,0.9972572
140,140,0.99942917
176,204,0.21386608
101,101,0.9984968
56,56,0.9964043
56,56,0.9964043
156,156,0.99799573
180,180,0.99953616
267,267,0.99858165
276,224,0.636538
213,213,0.8088595
56,56,0.9964043
56,56,0.9988142
92,92,0.99940825
56,56,0.9964043
46,159,0.9371801
159,159,0.99850416
0,232,0.986472
56,56,0.9988142
233,233,0.9989115
56,56,0.9988142
156,156,0.9981981
156,156,0.9980934
249,249,0.9997538
249,249,0.9997538
207,207,0.99935716
299,130,0.98737735
98,98,0.998615
184,184,0.9964843
143,143,0.9998882
13,38,0.98826396
280,280,0.99495727
254,39,0.98486936
267,267,0.99428576
129,129,0.7898119
226,129,0.97866553
154,154,0.99985945
57,57,0.9987802
51,233,0.8199126
56,56,0.9988142
280,44,0.92372346
56,56,0.9988142
154,154,0.9998584
56,56,0.9988142
129,129,0.997689
266,150,0.9766738
109,163,0.9945471
242,242,0.9996891
56,56,0.9988142
57,57,0.9987802
92,92,0.9994686
3,3,0.99977404
11,11,0.99976283
56,56,0.9988142
270,270,0.9995653
253,253,0.9993248
92,92,0.99940825
144,144,0.9978223
271,271,0.9992729
254,39,0.9673014
70,70,0.99973565
56,56,0.9988142
156,1,0.9968912
281,281,0.98473585
154,154,0.9997538
151,151,0.9986345
195,11,0.9995815
76,76,0.8743177
7,7,0.9982058
81,81,0.9977775
161,161,0.9994758
185,185,0.999554
92,92,0.99940825
67,232,0.97711337
129,67,0.35347822
197,197,0.9992931
156,156,0.99786985
0,0,0.99701846
243,243,0.99984455
264,247,0.74092156
207,207,0.99935716
259,259,0.9990884
76,76,0.8743179
129,129,0.7235782
249,249,0.9997538
57,57,0.99893767
273,221,0.9539104
253,253,0.9994073
249,249,0.9997538
296,301,0.45091456
279,129,0.79647666
56,56,0.9988142
17,17,0.87904215
242,242,0.9996451
0,0,0.99767727
0,0,0.9749281
181,181,0.9964539
56,56,0.9989503
56,56,0.9988142
264,247,0.74092287
130,299,0.99640805
299,299,0.996494
56,56,0.99887043
56,56,0.9964043
97,247,0.72447467
214,0,0.74330676
56,56,0.9988142
56,56,0.9988142
212,53,0.99700564
129,86,0.675053
81,81,0.99911207
154,154,0.9998654
156,156,0.9965193
280,280,0.99733377
276,164,0.9980659
56,56,0.9964043
176,227,0.9583017
55,55,0.9997749
266,150,0.9697001
135,98,0.97529125
56,56,0.9988142
173,173,0.9990606
92,92,0.99940825
259,259,0.9990884
22,22,0.9963515
296,247,0.9411694
249,249,0.9997538
156,156,0.99806017
88,47,0.42238763
130,299,0.99640805
214,0,0.74330676
289,37,0.23391488
92,92,0.99940825
129,168,0.85475063
92,92,0.99940825
81,81,0.9985877
67,232,0.97711337
56,56,0.9964043
56,56,0.9964043
56,56,0.9964043
129,153,0.9977639
84,84,0.5074686
56,56,0.9988142
259,259,0.9990884
56,56,0.9988142
11,11,0.99976283
259,259,0.9990884
56,56,0.9988142
175,175,0.9999057
254,39,0.7360925
56,56,0.9988142
129,281,0.9243304
56,56,0.9964043
249,249,0.9997538
129,187,0.766641
259,259,0.9990884
129,86,0.675053
11,11,0.99976283
143,143,0.9998882
22,22,0.99684566
161,265,0.98083705
17,17,0.87904215
249,249,0.9997538
57,57,0.99882513
254,39,0.9673014
22,22,0.9963515
1,1,0.99148107
17,17,0.87904215
214,0,0.74330676
17,17,0.87904215
1,1,0.9947983
70,79,0.99714464
259,259,0.999159
119,227,0.9862925
144,144,0.9997155
259,259,0.9990884
57,57,0.99882513
181,181,0.62819713
262,262,0.9997172
156,156,0.9980934
209,225,0.9996917
79,221,0.9271477
149,196,0.57910377
227,227,0.81396884
48,48,0.974772
296,247,0.9411694
184,184,0.99732333
249,249,0.9997538
296,301,0.45091456
64,19,0.99226683
76,76,0.7003001
214,0,0.74330676
17,17,0.87904215
88,47,0.42238763
214,0,0.74330676
17,17,0.87904215
133,133,0.9997713
33,33,0.52726525
56,56,0.9988142
56,56,0.9988142
25,237,0.31029963
101,101,0.9984968
296,235,0.9566829
3,3,0.99977404
67,214,0.6030475
129,168,0.931684
57,57,0.99882513
56,56,0.9964043
214,0,0.74330676
54,54,0.9988092
56,56,0.9988142
48,48,0.974772
56,56,0.9988142
296,260,0.21594083
143,143,0.9998882
151,286,0.9763056
249,249,0.9997538
22,22,0.9955728
222,12,0.9988323
129,153,0.8052849
259,259,0.9023195
56,56,0.9988142
259,259,0.9990884
94,129,0.9971232
130,299,0.99640805
56,56,0.9988142
25,225,0.2478961
151,204,0.28234214
56,56,0.9988142
296,247,0.9411694
57,57,0.99882513
259,259,0.9990884
121,121,0.9903092
227,116,0.91542304
56,56,0.9988142
227,227,0.72247636
56,56,0.9988142
56,56,0.9988142
92,129,0.922326
207,207,0.9995826
48,48,0.974772
266,215,0.91785157
67,150,0.46520054
56,56,0.9988142
76,76,0.8743177
57,57,0.99882513
56,56,0.9964043
254,39,0.9673014
56,56,0.9988142
129,129,0.9947077
249,249,0.9997538
107,151,0.9873432
48,48,0.974772
92,92,0.99940825
233,233,0.9989115
92,92,0.99940825
67,214,0.3473759
176,19,0.62708825
249,249,0.9997538
76,76,0.8743177
156,156,0.99757355
81,81,0.99714607
56,56,0.9988142
249,249,0.9997538
249,249,0.9997538
56,56,0.9964043
81,81,0.9982516
56,56,0.9988142
17,17,0.87904215
129,83,0.390656
251,251,0.99971455
279,129,0.79647666
129,129,0.9865146
56,56,0.9964043
129,129,0.96346605
151,204,0.28234214
56,56,0.9964043
129,301,0.99892634
173,173,0.99911934
300,157,0.99964535
254,39,0.9673014
297,297,0.9999033
286,18,0.72295636
259,259,0.999159
55,55,0.97212833
56,56,0.9988142
57,57,0.999114
92,92,0.99940825
56,56,0.9964043
285,7,0.99984455
151,67,0.9995931
92,92,0.99940825
56,56,0.9988142
107,107,0.5166585
259,259,0.9023193
17,17,0.87904274
227,283,0.9110497
17,17,0.87904274
99,99,0.9996698
105,81,0.9987419
143,143,0.9998882
280,260,0.61686426
181,202,0.9415535
254,39,0.98486936
25,247,0.5588986
151,257,0.31002113
214,0,0.7433051
249,249,0.9997359
110,129,0.90125805
17,17,0.87904274
92,92,0.99940825
67,232,0.9771135
177,177,0.9996201
249,249,0.9997538
73,73,0.9995963
227,227,0.72247636
56,56,0.9964043
173,173,0.99911934
92,92,0.99940825
143,143,0.9998841
57,57,0.99882513
56,56,0.9988142
67,155,0.99002004
56,56,0.9964043
179,137,0.45938903
161,161,0.9980671
254,39,0.9673014
296,247,0.9411694
81,81,0.9982516
56,56,0.9964043
17,17,0.87904215
88,88,0.9994462
249,249,0.9997538
73,73,0.9995963
270,270,0.99963164
56,56,0.9988142
156,156,0.99806017
56,56,0.9988142
296,247,0.9411694
0,0,0.9961784
0,0,0.9969868
276,164,0.9980659
137,190,0.9999045
129,204,0.91873646
56,56,0.9964043
92,92,0.99940825
259,259,0.9990884
56,56,0.9988142
71,71,0.9992385
67,181,0.29594022
259,259,0.9990884
57,57,0.9987802
18,286,0.93546236
56,56,0.9964043
227,173,0.42119867
1,1,0.9957235
63,151,0.9624203
154,154,0.9998584
142,142,0.94735396
168,168,0.9995235
296,301,0.4509154
227,227,0.99601966
129,129,0.99228984
259,259,0.9990884
227,204,0.51716447
254,254,0.91184497
156,156,0.99786985
190,190,0.99990356
130,299,0.9790704
276,152,0.97131413
280,280,0.99844736
161,161,0.96410954
154,154,0.99985945
156,156,0.9980934
254,39,0.9673014
129,129,0.9952282
11,11,0.99976283
56,56,0.9988142
17,17,0.87904215
56,56,0.9988142
3,3,0.99977404
296,253,0.41994604
259,259,0.9990884
129,201,0.2922876
254,39,0.98486936
161,265,0.89125955
233,233,0.9827864
56,56,0.9988142
130,299,0.9790704
232,290,0.993544
128,233,0.18572158
198,198,0.9887411
259,259,0.9990884
254,39,0.98486936
54,296,0.24329194
254,39,0.9673014
56,56,0.9988142
217,217,0.99666625
56,56,0.9964043
242,242,0.99958426
131,124,0.47919777
253,253,0.99918085
173,173,0.99911934
56,56,0.9964043
56,56,0.9988142
161,161,0.5272843
83,188,0.9986222
249,249,0.9997538
68,68,0.7125673
179,137,0.45938903
56,56,0.9988142
238,87,0.999448
54,150,0.7229593
280,280,0.9981127
227,227,0.72247636
158,158,0.99951816
271,271,0.9992729
259,259,0.9990884
248,248,0.9978853
55,55,0.97212833
22,22,0.9958615
17,17,0.87904215
73,73,0.99935347
270,270,0.9995653
254,39,0.98486936
254,39,0.9673014
56,56,0.9988142
161,161,0.9980489
92,92,0.99940825
129,129,0.85878164
257,290,0.97042626
56,56,0.9988142
11,11,0.99976283
17,17,0.87904215
57,57,0.99882513
56,56,0.9988142
129,224,0.22080949
56,56,0.9964043
37,204,0.26437017
56,56,0.9964043
76,76,0.8743177
56,56,0.9988142
56,56,0.9988142
209,225,0.9992273
33,33,0.52726525
17,17,0.87904215
92,92,0.99929774
27,275,0.9117418
67,232,0.7751356
227,227,0.72247636
56,56,0.9988142
259,259,0.9990884
130,299,0.99640805
210,133,0.9998184
129,301,0.9990275
265,267,0.5595083
206,51,0.76411265
161,161,0.5272843
249,249,0.9997538
214,0,0.74330676
56,56,0.9964043
249,249,0.9997538
144,144,0.99964654
203,203,0.9967373
33,33,0.52726525
17,17,0.87904215
174,174,0.9997583
56,56,0.9964043
67,150,0.763146
56,56,0.9988142
129,129,0.99810624
259,259,0.9990884
56,56,0.9988142
259,259,0.9990884
253,253,0.9995534
131,216,0.9765562
17,17,0.87904215
265,146,0.8135137
70,70,0.99972576
203,203,0.9967373
124,289,0.99655104
151,200,0.98221093
56,56,0.9988142
259,259,0.9990884
92,92,0.99940825
260,282,0.9913195
184,184,0.9972439
56,56,0.9988142
296,301,0.45091456
167,165,0.73931915
56,56,0.9988142
156,156,0.9972572
266,215,0.50758106
92,129,0.99595165
296,235,0.9566829
221,221,0.99850214
117,117,0.9962882
177,177,0.9996221
129,110,0.9549319
3,3,0.99977404
56,56,0.9964043
236,236,0.9447109
20,20,0.9995455
296,247,0.9411694
81,81,0.99911207
92,92,0.99940825
176,204,0.21386608
56,56,0.9964043
92,92,0.99940825
17,17,0.87904215
259,259,0.9990884
129,168,0.99930453
67,25,0.7304957
57,57,0.99882513
227,227,0.72247636
161,161,0.99916756
143,143,0.9998882
46,76,0.9972128
13,267,0.99701595
67,150,0.763146
130,130,0.99660057
227,227,0.72247636
156,156,0.9980934
56,56,0.9964043
168,168,0.9995235
212,75,0.70840216
176,19,0.62708825
238,87,0.9993832
56,56,0.9964043
161,161,0.9980671
237,238,0.8928456
129,168,0.85475063
164,164,0.99975246
122,122,0.9952962
56,56,0.9988142
56,56,0.9964043
1,1,0.99148095
254,39,0.9673015
164,164,0.66504294
265,13,0.90537316
156,1,0.9329538
48,48,0.974772
56,56,0.9964043
67,136,0.8211071
56,56,0.9964043
3,3,0.99977404
249,249,0.9997538
254,39,0.98486936
56,56,0.9988142
92,92,0.9995301
17,17,0.87904215
254,39,0.9673014
56,56,0.9988142
259,259,0.9990884
129,224,0.22080949
260,260,0.99908495
56,56,0.9988142
57,57,0.99882513
110,110,0.99779236
56,56,0.9988142
57,57,0.99882513
156,156,0.9980513
136,295,0.8301495
92,92,0.99940825
276,224,0.636538
249,249,0.9997538
46,159,0.9371793
259,259,0.9991708
161,161,0.99730754
76,76,0.87431854
198,198,0.96231645
105,237,0.9737935
280,280,0.99836916
296,247,0.9411695
129,301,0.7679347
227,283,0.9110497
156,156,0.9970073
156,156,0.9980934
249,249,0.9997538
56,56,0.9988142
56,56,0.9988142
97,97,0.31519893
129,129,0.99587315
181,227,0.6158202
260,282,0.9913195
249,249,0.9997538
249,249,0.9997538
130,299,0.99640805
259,259,0.9990884
227,227,0.72247636
203,203,0.95759106
302,17,0.8714551
237,237,0.99036306
17,17,0.87904215
144,144,0.9995259
107,151,0.9203495
143,143,0.9998882
242,242,0.99960834
3,3,0.99977404
210,133,0.9998184
156,156,0.99761295
56,56,0.9988142
56,56,0.9964043
144,144,0.9995259
56,56,0.9964043
260,282,0.9913195
56,56,0.9988142
130,130,0.9957023
56,56,0.9988142
129,301,0.9990421
81,81,0.99911207
286,18,0.72295636
177,177,0.9996221
249,249,0.9997538
129,129,0.858782
275,177,0.7068076
56,56,0.9988142
54,296,0.24329138
259,259,0.9990884
54,296,0.24329138
62,268,0.99544215
249,249,0.9997538
259,259,0.9990884
227,283,0.5450451
254,39,0.98486936
0,0,0.99701846
276,224,0.63653684
259,259,0.9990884
56,56,0.9964043
267,267,0.99321693
70,70,0.9997814
200,51,0.7757244
92,92,0.99940825
56,56,0.9988142
17,17,0.8790419
183,270,0.8754454
76,76,0.8743179
129,129,0.97599334
254,39,0.9673015
104,104,0.9987826
92,92,0.99940825
0,0,0.9930375
0,232,0.9864719
208,208,0.9611441
76,21,0.9101833
143,143,0.9998882
76,76,0.87431854
249,249,0.9997538
271,271,0.9992729
249,249,0.9997538
56,56,0.9988142
129,301,0.7679347
156,156,0.9972572
161,161,0.9770964
259,259,0.9990884
56,56,0.9988142
231,132,0.67429096
11,11,0.99976283
17,17,0.87904274
129,168,0.8547493
56,56,0.9988142
130,299,0.9790704
130,130,0.48732892
176,204,0.21386608
296,253,0.41994604
56,56,0.9988142
249,249,0.9997538
22,22,0.9949458
151,151,0.9978036
249,249,0.9997538
170,170,0.9993272
161,161,0.99916756
184,184,0.9970099
207,207,0.99935716
81,81,0.99730873
56,56,0.9964043
276,164,0.9980659
70,70,0.9995592
17,17,0.87904215
259,259,0.9991708
259,259,0.9990884
188,188,0.9825393
60,60,0.9993305
92,92,0.99940825
17,17,0.87904215
249,249,0.9997538
56,56,0.9988142
296,247,0.9411694
56,56,0.9964043
96,61,0.99762815
33,33,0.52726525
4,173,0.3537998
280,280,0.99878603
4,53,0.4528639
148,148,0.9996977
110,301,0.8426872
280,280,0.9976539
48,48,0.9833847
22,22,0.9963515
45,71,0.99572134
129,129,0.6395057
296,247,0.9411694
107,77,0.71770424
129,168,0.9762483
152,152,0.98106307
102,272,0.9571405
76,76,0.9997197
157,157,0.99967957
56,56,0.9964043
143,143,0.9998882
227,283,0.8749703
129,46,0.7976231
17,17,0.87904215
227,227,0.72247636
299,299,0.9967514
129,129,0.9930194
55,55,0.9997749
56,56,0.9988142
36,121,0.92552346
56,56,0.9988142
17,17,0.87904215
19,19,0.9988587
76,76,0.99973327
211,191,0.9679222
57,57,0.9991381
182,98,0.992228
56,56,0.9964043
274,51,0.9829239
249,249,0.9997538
92,92,0.99940825
129,129,0.9919714
1,1,0.9957235
25,233,0.9432858
56,56,0.9988142
56,56,0.9988142
259,259,0.9990884
84,84,0.57477015
56,56,0.9988142
298,295,0.89186203
57,57,0.9987802
34,34,0.9971096
156,156,0.9972572
132,132,0.9980258
22,22,0.9963515
56,56,0.9964043
129,178,0.9809168
151,280,0.51900727
299,156,0.77733725
129,129,0.9919714
281,281,0.88087374
266,150,0.9697001
142,142,0.99906904
251,251,0.99971455
39,39,0.99907327
259,259,0.9990884
249,249,0.9997538
253,253,0.999423
46,46,0.9984665
67,232,0.57855874
22,22,0.9966763
144,144,0.9978223
71,71,0.99212426
57,57,0.99882513
129,224,0.22080949
0,0,0.9963755
56,56,0.9988142
130,299,0.9790704
92,92,0.9994785
25,25,0.99831945
19,19,0.9988587
3,3,0.99977404
227,227,0.34181938
93,93,0.5098864
249,249,0.9997538
76,76,0.9997265
130,299,0.99640805
56,56,0.9988142
56,56,0.9964043
56,56,0.9988142
276,164,0.9980659
253,253,0.9992587
249,249,0.9997538
76,76,0.8743177
177,177,0.9241295
161,161,0.99534374
106,106,0.999899
71,71,0.99212426
249,249,0.9997538
249,249,0.9997359
247,229,0.9992849
249,249,0.9997359
92,92,0.99940825
13,221,0.38139942
153,110,0.9887398
154,154,0.9998584
11,11,0.99976283
209,225,0.99971443
259,259,0.9990884
129,178,0.25589478
129,301,0.9990421
291,291,0.9989077
259,259,0.9990884
57,57,0.9991381
143,143,0.9998882
0,0,0.9956665
271,269,0.9919878
92,92,0.99940825
56,56,0.9988142
56,56,0.9988142
256,232,0.99448025
162,117,0.56038666
136,136,0.82110673
249,249,0.9997538
167,167,0.99928254
129,86,0.675053
56,56,0.9964043
92,92,0.99953437
219,275,0.9993006
56,56,0.9988142
20,20,0.9995455
159,233,0.9679109
130,130,0.86785775
107,107,0.9972704
17,17,0.87904274
296,253,0.45346674
296,247,0.9411695
17,17,0.87904274
56,56,0.9964043
184,184,0.9972439
254,39,0.98486936
92,92,0.99940825
129,129,0.9973902
129,83,0.9957053
83,188,0.9992716
32,152,0.54004836
1,1,0.99148107
202,202,0.99968624
143,143,0.9998882
181,181,0.9669153
259,259,0.9990884
135,98,0.97529125
57,57,0.99882513
81,81,0.99872524
56,56,0.9964043
207,207,0.9996232
88,88,0.9979165
76,76,0.8743177
227,227,0.72247636
107,107,0.5166585
76,76,0.99693704
195,11,0.99967253
302,17,0.8845086
64,19,0.99226683
17,17,0.87904215
124,150,0.21629487
56,56,0.9988142
296,235,0.956683
56,56,0.99887043
58,259,0.99668044
56,56,0.9964043
156,156,0.9978986
259,259,0.9990884
57,57,0.99882513
213,213,0.80886054
259,259,0.9990884
76,221,0.8921886
92,92,0.99940825
302,17,0.96691984
17,17,0.8790419
92,92,0.9994967
161,161,0.99730754
129,129,0.99791104
22,22,0.99586594
56,56,0.9964043
17,17,0.87904215
92,92,0.99940825
296,247,0.9411694
249,249,0.9997538
56,56,0.9964043
56,56,0.9988142
107,151,0.9203495
204,158,0.9926858
163,163,0.9966228
57,57,0.9988171
204,15,0.4478304
57,57,0.9987802
296,301,0.45091456
81,81,0.9987618
259,259,0.9989524
48,48,0.974772
1,1,0.99148107
166,166,0.9988279
56,56,0.9988142
56,56,0.9964043
129,168,0.85475063
282,282,0.9977816
156,156,0.9980051
48,48,0.9139459
241,241,0.99921703
13,38,0.76179737
84,84,0.9986957
76,76,0.81933117
30,30,0.9407895
151,142,0.67408556
238,87,0.9993832
142,142,0.99906904
274,51,0.98292404
56,56,0.9988142
56,56,0.9988142
242,242,0.99960834
197,197,0.99960595
233,233,0.9990796
56,56,0.9988142
84,112,0.49131984
17,17,0.87904215
56,56,0.9988142
200,17,0.7610033
70,79,0.93077505
299,299,0.9969312
156,156,0.99748045
272,272,0.9921051
92,92,0.9995617
156,156,0.99786985
129,301,0.9990275
17,17,0.87904215
280,280,0.97751117
56,56,0.9988142
81,81,0.99872524
56,56,0.9988142
67,232,0.7751356
129,129,0.6766905
248,248,0.9982352
292,257,0.22948702
143,143,0.9998882
92,92,0.9993783
0,0,0.9930375
214,0,0.74330676
264,264,0.99826545
296,247,0.9411694
56,56,0.9964043
0,0,0.9749281
57,57,0.99882513
67,253,0.2414389
76,76,0.8743177
148,148,0.999689
168,168,0.99923
56,56,0.9964043
203,203,0.99675685
57,57,0.99882513
130,156,0.99695146
16,22,0.95303065
251,251,0.9997073
17,17,0.87904215
156,156,0.99784756
81,81,0.9977258
94,129,0.96198916
43,139,0.61533415
56,56,0.9988142
249,249,0.9997538
278,278,0.99987507
92,92,0.9994549
17,17,0.87904215
129,129,0.9955864
81,81,0.9985877
56,56,0.9964043
266,150,0.9697001
259,259,0.9991504
247,247,0.99740475
259,259,0.9990884
56,56,0.9964043
6,6,0.9993967
214,214,0.9530431
56,56,0.9988142
227,227,0.68797845
56,56,0.9988142
129,129,0.99498284
209,225,0.9996917
129,129,0.97599334
184,184,0.9972439
54,296,0.24329138
92,92,0.99940825
259,259,0.9990884
56,56,0.9988142
92,92,0.99942774
299,299,0.99705386
112,112,0.9993463
161,221,0.37715644
70,70,0.9996087
196,121,0.98606396
57,57,0.9991381
129,168,0.85475063
92,92,0.99940825
227,227,0.5915702
259,259,0.9990884
98,98,0.998657
297,297,0.9999033
249,249,0.9997538
259,259,0.999159
61,61,0.9988801
56,56,0.9988142
56,56,0.9988142
57,57,0.99882513
160,160,0.94126517
144,144,0.9995259
